<?xml version="1.0" encoding="UTF-8"?>
<!DOCTYPE configuration
  PUBLIC "-//mybatis.org//DTD Config 3.0//EN"
  "http://mybatis.org/dtd/mybatis-3-config.dtd">
<configuration>
  <environments default="development">
    <environment id="development">
      <transactionManager type="MANAGED"/>
      <dataSource type="UNPOOLED">
        <property name="driver" value="oracle.jdbc.driver.OracleDriver"/>
        <property name="url" value="jdbc:oracle:thin:@localhost:1521:xe"/>
        <property name="username" value="hr"/>
        <property name="password" value="hr"/>
      </dataSource>
    </environment>
  </environments>
  <mappers>
	<mapper resource="mybatis/MemberMapper.xml"/>
	<mapper resource="mybatis/SubjectMapper.xml"/>
	<mapper resource="mybatis/KeywordMapper.xml"/>
	<mapper resource="mybatis/SalesMapper.xml"/>
  </mappers>
</configuration>