<?xml version="1.0" encoding="UTF-8"?>
<!DOCTYPE mapper
  PUBLIC "-//mybatis.org//DTD Mapper 3.0//EN"
  "http://mybatis.org/dtd/mybatis-3-mapper.dtd">
<mapper namespace="SalesMapper">
	<insert id="insert">
		INSERT INTO SALES (SEQ, SALEDATE, SUBCODE, USERID, CNT, AMOUNT)
		VALUES (sales_seq.NEXTVAL, #{saleDate}, #{subCode}, #{userId}, #{cnt}, #{amount})
	</insert>
	
	<select id="selectList" resultType="java.util.HashMap">
		SELECT SUB.SUBNAME, S.SALEDATE, SUB.SUBCODE, SUM(S.CNT) CNT
		FROM SUBJECT SUB INNER JOIN SALES S
		ON (SUB.SUBCODE = S.SUBCODE)
		GROUP BY SUB.SUBNAME, S.SALEDATE, SUB.SUBCODE, S.CNT
		<if test = "findKey == 'subName'">
			HAVING SUB.SUBNAME LIKE '%' || #{findValue} || '%'
		</if>
		<if test = "findKey == 'saleDate'">
			HAVING S.SALEDATE = #{findValue}
		</if>
		ORDER BY SALEDATE DESC
	</select>
</mapper>