<?xml version="1.0" encoding="UTF-8"?>
<beans:beans xmlns="http://www.springframework.org/schema/mvc"
	xmlns:xsi="http://www.w3.org/2001/XMLSchema-instance"
	xmlns:beans="http://www.springframework.org/schema/beans"
	xmlns:context="http://www.springframework.org/schema/context"
	xsi:schemaLocation="http://www.springframework.org/schema/mvc https://www.springframework.org/schema/mvc/spring-mvc.xsd
		http://www.springframework.org/schema/beans https://www.springframework.org/schema/beans/spring-beans.xsd
		http://www.springframework.org/schema/context https://www.springframework.org/schema/context/spring-context.xsd">

	<!-- DispatcherServlet Context: defines this servlet's request-processing infrastructure -->
	
	<!-- Enables the Spring MVC @Controller programming model -->
	<annotation-driven />

	<!-- Handles HTTP GET requests for /resources/** by efficiently serving up static resources in the ${webappRoot}/resources directory -->
	<resources mapping="/resources/**" location="/resources/" />

        <!-- jsp 파일에 실 이미지를 불러오기 위한 작업. 서버와 폴더 연결하기 -->
        <!-- mapping = "" : 알리아스 -->
        <!-- location = "" : 서버에 있는 파일을 웹 브라우저가 해석할 수 있는 경로로 넣기. 파일이 실제로 저장된 곳 -->
        <!-- file:///E:/Programming/uploadImages/ -> 웹 브라우저에 파일 저장 위치 경로 복붙한 url-->
        <resources mapping="/uploadImg/**" location="file:///E:/Programming/uploadImages/togetherGreen/" />
        
	<!-- Resolves views selected for rendering by @Controllers to .jsp resources in the /WEB-INF/views directory -->
	<beans:bean class="org.springframework.web.servlet.view.InternalResourceViewResolver">
		<beans:property name="prefix" value="/WEB-INF/views/" />
		<beans:property name="suffix" value=".jsp" />
	</beans:bean>
	
	<context:component-scan base-package="org.ellen.eco" />
	
        <!-- 파일을 업로드해 줄 객체 생성 -->
        <!-- id : 변수명, class : 만들 객체 -->
        <!-- id는 정해진 것으로 대소문자 적힌 그대로 작성하기 -->
        <!-- maxUploadSize 가 10Mbyte라는 의미(1kb * 1kb *10) -->
        <beans:bean id = "multipartResolver" class = "org.springframework.web.multipart.commons.CommonsMultipartResolver">
                <beans:property name="maxUploadSize" value = "10485760"/>
        </beans:bean>
	
	
</beans:beans>
