<?xml version="1.0" encoding="UTF-8"?>
<beans xmlns="http://www.springframework.org/schema/beans"
	xmlns:xsi="http://www.w3.org/2001/XMLSchema-instance"
	xsi:schemaLocation="http://www.springframework.org/schema/beans https://www.springframework.org/schema/beans/spring-beans.xsd">
	
	<!-- Root Context: defines shared resources visible to all other web components -->
		
        <!-- 데이터 베이스에 접속하기 위한 데이터 소스 -->
        <bean id = "dataSource" class ="org.springframework.jdbc.datasource.DriverManagerDataSource" >
                <property name = "driverClassName" value = "oracle.jdbc.driver.OracleDriver"/>
                <property name="url" value ="jdbc:oracle:thin:@localhost:1521:xe"/>
                <property name = "username" value ="hr"/>
                <property name = "password" value ="hr"/>
        </bean>
        
        <!-- 마이바티스 factory 객체 생성 -->
        <bean id ="sqlSessionFactory" class = "org.mybatis.spring.SqlSessionFactoryBean">
                <property name = "dataSource" ref = "dataSource"/>
                <property name = "configLocation" value = "classpath:/mybatisConfig.xml"/>
                <!-- mappers 폴더 밑에 어떤 폴더든 상관없이(**) 끝이 매퍼로만 끝나는 모든 것(*Mapper.xml). -->
                <property name = "mapperLocations" value = "classpath:/mappers/**/*Mapper.xml"/>
        </bean>
        
        <!-- 마이바티스 세션 생성 -->
        <bean id = "sqlSession" class = "org.mybatis.spring.SqlSessionTemplate">
                <constructor-arg name = "sqlSessionFactory" ref = "sqlSessionFactory"/>
        </bean>
        
        <!-- 파일 업로드 디렉토리 bean 생성 -->
        <!-- 여기서 지정한 빈을 FileServiceImpl에서 사용하면 됨. -->
        <!-- 이 폴더는 서버가 관리하는 것이 아님. -->
        <bean id = "uploadDir" class = "java.lang.String">
                <constructor-arg value = "E:/Programming/uploadImages/togetherGreen"/>
        </bean>
        
        <!-- 암호화 빈 생성 -->
        <!-- 자동으로 솔트 생성됨 -->
        <bean id = "bCryptPasswordEncoder" class = "org.springframework.security.crypto.bcrypt.BCryptPasswordEncoder"/>
</beans>
