<?xml version="1.0" encoding="UTF-8"?>
<!DOCTYPE mapper
  PUBLIC "-//mybatis.org//DTD Mapper 3.0//EN"
  "http://mybatis.org/dtd/mybatis-3-mapper.dtd">
<mapper namespace="org.ellen.eco.BoardMapper">
        <select id="selectList" resultType="java.util.Map">
                SELECT * FROM(
                SELECT ROWNUM RN, B.*
                FROM(SELECT * FROM ${missionBoard}
                WHERE TO_CHAR(regdate,'YYYYMMDD') = TO_CHAR(SYSDATE,'YYYYMMDD'))B)B
                WHERE B.RN BETWEEN #{startNum} AND #{endNum}
        </select>
        
        <insert id="insert">
                <selectKey keyProperty="boardNum" resultType="int" order="BEFORE">
                        SELECT ${missionBoard}_NUM.NEXTVAL FROM DUAL
                </selectKey>
                INSERT INTO ${missionBoard}(BOARDNUM, USERID, CONTENT, FILENAME, IP)
                VALUES (#{boardNum}, #{userId}, #{content}, #{fileName}, #{ip})
        </insert>
        
        <select id="totalCnt" resultType="int">
	       select count(*) from ${missionBoard}
	       WHERE TO_CHAR(regdate,'YYYYMMDD') = TO_CHAR(SYSDATE,'YYYYMMDD')
        </select>
        
</mapper>